GEO.id,GEO.id2,GEO.display-label,GCT_STUB.target-geo-id,GCT_STUB.target-geo-id2,GCT_STUB.display-label,GCT_STUB.display-label,HC01,HC02
0100000US,,United States,0100000US,,United States,United States,5.0,0.1
0100000US,,United States,0400000US01,01,United States - Alabama,Alabama,0.5,0.1
0100000US,,United States,1600000US0107000,0107000,United States - Alabama - Birmingham city,Birmingham city,2.4,0.9
0100000US,,United States,1600000US0121184,0121184,United States - Alabama - Dothan city,Dothan city,0.7,0.5
0100000US,,United States,1600000US0135896,0135896,United States - Alabama - Hoover city,Hoover city,0.0,0.4
0100000US,,United States,1600000US0137000,0137000,United States - Alabama - Huntsville city,Huntsville city,0.6,0.4
0100000US,,United States,1600000US0150000,0150000,United States - Alabama - Mobile city,Mobile city,1.1,0.5
0100000US,,United States,1600000US0151000,0151000,United States - Alabama - Montgomery city,Montgomery city,0.7,0.4
0100000US,,United States,1600000US0177256,0177256,United States - Alabama - Tuscaloosa city,Tuscaloosa city,1.1,0.8
0100000US,,United States,0400000US02,02,United States - Alaska,Alaska,1.9,0.5
0100000US,,United States,1600000US0203000,0203000,United States - Alaska - Anchorage municipality,Anchorage municipality,2.3,0.9
0100000US,,United States,0400000US04,04,United States - Arizona,Arizona,2.0,0.2
0100000US,,United States,1600000US0404720,0404720,United States - Arizona - Avondale city,Avondale city,0.0,0.7
0100000US,,United States,1600000US0410670,0410670,United States - Arizona - Casas Adobes CDP,Casas Adobes CDP,0.5,0.6
0100000US,,United States,1600000US0412000,0412000,United States - Arizona - Chandler city,Chandler city,1.1,0.6
0100000US,,United States,1600000US0423620,0423620,United States - Arizona - Flagstaff city,Flagstaff city,3.1,1.6
0100000US,,United States,1600000US0427400,0427400,United States - Arizona - Gilbert town,Gilbert town,0.4,0.3
0100000US,,United States,1600000US0427820,0427820,United States - Arizona - Glendale city,Glendale city,3.0,1.0
0100000US,,United States,1600000US0428380,0428380,United States - Arizona - Goodyear city,Goodyear city,N,N
0100000US,,United States,1600000US0446000,0446000,United States - Arizona - Mesa city,Mesa city,2.2,0.5
0100000US,,United States,1600000US0454050,0454050,United States - Arizona - Peoria city,Peoria city,0.4,0.5
0100000US,,United States,1600000US0455000,0455000,United States - Arizona - Phoenix city,Phoenix city,4.0,0.6
0100000US,,United States,1600000US0464210,0464210,United States - Arizona - San Tan Valley CDP,San Tan Valley CDP,N,N
0100000US,,United States,1600000US0465000,0465000,United States - Arizona - Scottsdale city,Scottsdale city,0.8,0.5
0100000US,,United States,1600000US0471510,0471510,United States - Arizona - Surprise city,Surprise city,0.0,0.5
0100000US,,United States,1600000US0473000,0473000,United States - Arizona - Tempe city,Tempe city,2.4,1.3
0100000US,,United States,1600000US0477000,0477000,United States - Arizona - Tucson city,Tucson city,3.6,0.8
0100000US,,United States,1600000US0485540,0485540,United States - Arizona - Yuma city,Yuma city,0.2,0.4
0100000US,,United States,0400000US05,05,United States - Arkansas,Arkansas,0.4,0.1
0100000US,,United States,1600000US0523290,0523290,United States - Arkansas - Fayetteville city,Fayetteville city,2.2,1.7
0100000US,,United States,1600000US0524550,0524550,United States - Arkansas - Fort Smith city,Fort Smith city,0.1,0.2
0100000US,,United States,1600000US0535710,0535710,United States - Arkansas - Jonesboro city,Jonesboro city,N,N
0100000US,,United States,1600000US0541000,0541000,United States - Arkansas - Little Rock city,Little Rock city,0.7,0.4
0100000US,,United States,1600000US0566080,0566080,United States - Arkansas - Springdale city,Springdale city,0.0,0.5
0100000US,,United States,0400000US06,06,United States - California,California,5.2,0.1
0100000US,,United States,1600000US0600562,0600562,United States - California - Alameda city,Alameda city,15.0,3.3
0100000US,,United States,1600000US0600884,0600884,United States - California - Alhambra city,Alhambra city,3.8,1.9
0100000US,,United States,1600000US0602000,0602000,United States - California - Anaheim city,Anaheim city,4.7,1.2
0100000US,,United States,1600000US0602252,0602252,United States - California - Antioch city,Antioch city,4.4,2.1
0100000US,,United States,1600000US0602364,0602364,United States - California - Apple Valley town,Apple Valley town,2.6,2.3
0100000US,,United States,1600000US0602553,0602553,United States - California - Arden-Arcade CDP,Arden-Arcade CDP,4.5,2.8
0100000US,,United States,1600000US0603526,0603526,United States - California - Bakersfield city,Bakersfield city,1.2,0.5
0100000US,,United States,1600000US0603666,0603666,United States - California - Baldwin Park city,Baldwin Park city,5.6,2.6
0100000US,,United States,1600000US0604982,0604982,United States - California - Bellflower city,Bellflower city,7.8,2.8
0100000US,,United States,1600000US0606000,0606000,United States - California - Berkeley city,Berkeley city,19.9,2.7
0100000US,,United States,1600000US0608786,0608786,United States - California - Buena Park city,Buena Park city,3.7,1.6
0100000US,,United States,1600000US0608954,0608954,United States - California - Burbank city,Burbank city,2.6,1.5
0100000US,,United States,1600000US0610046,0610046,United States - California - Camarillo city,Camarillo city,0.5,0.5
0100000US,,United States,1600000US0611194,0611194,United States - California - Carlsbad city,Carlsbad city,3.3,1.5
0100000US,,United States,1600000US0611530,0611530,United States - California - Carson city,Carson city,2.8,1.2
0100000US,,United States,1600000US0613014,0613014,United States - California - Chico city,Chico city,1.9,1.1
0100000US,,United States,1600000US0613210,0613210,United States - California - Chino city,Chino city,N,N
0100000US,,United States,1600000US0613214,0613214,United States - California - Chino Hills city,Chino Hills city,1.3,1.1
0100000US,,United States,1600000US0613392,0613392,United States - California - Chula Vista city,Chula Vista city,3.1,1.2
0100000US,,United States,1600000US0613588,0613588,United States - California - Citrus Heights city,Citrus Heights city,1.3,0.9
0100000US,,United States,1600000US0614218,0614218,United States - California - Clovis city,Clovis city,0.4,0.5
0100000US,,United States,1600000US0615044,0615044,United States - California - Compton city,Compton city,6.4,2.6
0100000US,,United States,1600000US0616000,0616000,United States - California - Concord city,Concord city,10.0,2.3
0100000US,,United States,1600000US0616350,0616350,United States - California - Corona city,Corona city,1.6,0.7
0100000US,,United States,1600000US0616532,0616532,United States - California - Costa Mesa city,Costa Mesa city,2.9,1.0
0100000US,,United States,1600000US0617918,0617918,United States - California - Daly City city,Daly City city,20.7,4.2
0100000US,,United States,1600000US0618100,0618100,United States - California - Davis city,Davis city,5.2,2.5
0100000US,,United States,1600000US0619766,0619766,United States - California - Downey city,Downey city,1.5,1.1
0100000US,,United States,1600000US0620802,0620802,United States - California - East Los Angeles CDP,East Los Angeles CDP,12.5,2.6
0100000US,,United States,1600000US0621712,0621712,United States - California - El Cajon city,El Cajon city,3.4,1.3
0100000US,,United States,1600000US0622020,0622020,United States - California - Elk Grove city,Elk Grove city,3.5,1.6
0100000US,,United States,1600000US0622230,0622230,United States - California - El Monte city,El Monte city,8.3,2.1
0100000US,,United States,1600000US0622804,0622804,United States - California - Escondido city,Escondido city,1.3,1.3
0100000US,,United States,1600000US0623182,0623182,United States - California - Fairfield city,Fairfield city,3.4,1.5
0100000US,,United States,1600000US0624477,0624477,United States - California - Florence-Graham CDP,Florence-Graham CDP,16.6,5.4
0100000US,,United States,1600000US0624638,0624638,United States - California - Folsom city,Folsom city,1.6,1.0
0100000US,,United States,1600000US0624680,0624680,United States - California - Fontana city,Fontana city,3.1,1.4
0100000US,,United States,1600000US0626000,0626000,United States - California - Fremont city,Fremont city,7.3,1.6
0100000US,,United States,1600000US0627000,0627000,United States - California - Fresno city,Fresno city,1.8,0.6
0100000US,,United States,1600000US0628000,0628000,United States - California - Fullerton city,Fullerton city,3.4,1.3
0100000US,,United States,1600000US0629000,0629000,United States - California - Garden Grove city,Garden Grove city,4.4,1.8
0100000US,,United States,1600000US0630000,0630000,United States - California - Glendale city,Glendale city,5.1,1.4
0100000US,,United States,1600000US0632548,0632548,United States - California - Hawthorne city,Hawthorne city,7.9,2.6
0100000US,,United States,1600000US0633000,0633000,United States - California - Hayward city,Hayward city,5.8,1.6
0100000US,,United States,1600000US0633182,0633182,United States - California - Hemet city,Hemet city,2.2,1.7
0100000US,,United States,1600000US0633434,0633434,United States - California - Hesperia city,Hesperia city,1.4,1.1
0100000US,,United States,1600000US0636000,0636000,United States - California - Huntington Beach city,Huntington Beach city,1.3,0.8
0100000US,,United States,1600000US0636448,0636448,United States - California - Indio city,Indio city,1.6,1.4
0100000US,,United States,1600000US0636546,0636546,United States - California - Inglewood city,Inglewood city,7.1,1.9
0100000US,,United States,1600000US0636770,0636770,United States - California - Irvine city,Irvine city,1.2,0.8
0100000US,,United States,1600000US0639496,0639496,United States - California - Lake Forest city,Lake Forest city,0.2,0.2
0100000US,,United States,1600000US0639892,0639892,United States - California - Lakewood city,Lakewood city,1.4,0.9
0100000US,,United States,1600000US0640130,0640130,United States - California - Lancaster city,Lancaster city,1.6,0.7
0100000US,,United States,1600000US0641992,0641992,United States - California - Livermore city,Livermore city,3.4,1.6
0100000US,,United States,1600000US0643000,0643000,United States - California - Long Beach city,Long Beach city,7.2,1.0
0100000US,,United States,1600000US0644000,0644000,United States - California - Los Angeles city,Los Angeles city,11.4,0.5
0100000US,,United States,1600000US0644574,0644574,United States - California - Lynwood city,Lynwood city,6.6,2.3
0100000US,,United States,1600000US0645484,0645484,United States - California - Manteca city,Manteca city,1.6,1.2
0100000US,,United States,1600000US0646842,0646842,United States - California - Menifee city,Menifee city,0.2,0.4
0100000US,,United States,1600000US0646898,0646898,United States - California - Merced city,Merced city,0.9,1.1
0100000US,,United States,1600000US0647766,0647766,United States - California - Milpitas city,Milpitas city,2.7,1.7
0100000US,,United States,1600000US0648256,0648256,United States - California - Mission Viejo city,Mission Viejo city,2.0,1.1
0100000US,,United States,1600000US0648354,0648354,United States - California - Modesto city,Modesto city,1.3,0.9
0100000US,,United States,1600000US0649270,0649270,United States - California - Moreno Valley city,Moreno Valley city,1.1,0.7
0100000US,,United States,1600000US0649670,0649670,United States - California - Mountain View city,Mountain View city,3.8,1.8
0100000US,,United States,1600000US0650076,0650076,United States - California - Murrieta city,Murrieta city,0.0,0.4
0100000US,,United States,1600000US0650258,0650258,United States - California - Napa city,Napa city,1.4,1.0
0100000US,,United States,1600000US0651182,0651182,United States - California - Newport Beach city,Newport Beach city,2.1,1.3
0100000US,,United States,1600000US0652526,0652526,United States - California - Norwalk city,Norwalk city,2.9,1.7
0100000US,,United States,1600000US0653000,0653000,United States - California - Oakland city,Oakland city,19.0,1.7
0100000US,,United States,1600000US0653322,0653322,United States - California - Oceanside city,Oceanside city,2.9,1.2
0100000US,,United States,1600000US0653896,0653896,United States - California - Ontario city,Ontario city,1.7,1.0
0100000US,,United States,1600000US0653980,0653980,United States - California - Orange city,Orange city,2.7,1.8
0100000US,,United States,1600000US0654652,0654652,United States - California - Oxnard city,Oxnard city,1.6,0.6
0100000US,,United States,1600000US0655156,0655156,United States - California - Palmdale city,Palmdale city,2.5,1.4
0100000US,,United States,1600000US0655282,0655282,United States - California - Palo Alto city,Palo Alto city,6.9,2.6
0100000US,,United States,1600000US0656000,0656000,United States - California - Pasadena city,Pasadena city,6.8,2.5
0100000US,,United States,1600000US0656700,0656700,United States - California - Perris city,Perris city,4.0,3.3
0100000US,,United States,1600000US0657456,0657456,United States - California - Pittsburg city,Pittsburg city,8.2,2.7
0100000US,,United States,1600000US0657792,0657792,United States - California - Pleasanton city,Pleasanton city,7.3,3.3
0100000US,,United States,1600000US0658072,0658072,United States - California - Pomona city,Pomona city,4.3,1.7
0100000US,,United States,1600000US0659444,0659444,United States - California - Rancho Cordova city,Rancho Cordova city,5.9,2.5
0100000US,,United States,1600000US0659451,0659451,United States - California - Rancho Cucamonga city,Rancho Cucamonga city,1.3,1.1
0100000US,,United States,1600000US0659920,0659920,United States - California - Redding city,Redding city,0.7,0.6
0100000US,,United States,1600000US0659962,0659962,United States - California - Redlands city,Redlands city,2.0,1.5
0100000US,,United States,1600000US0660018,0660018,United States - California - Redondo Beach city,Redondo Beach city,1.2,1.5
0100000US,,United States,1600000US0660102,0660102,United States - California - Redwood City city,Redwood City city,4.0,1.7
0100000US,,United States,1600000US0660466,0660466,United States - California - Rialto city,Rialto city,1.8,1.4
0100000US,,United States,1600000US0660620,0660620,United States - California - Richmond city,Richmond city,11.6,2.6
0100000US,,United States,1600000US0662000,0662000,United States - California - Riverside city,Riverside city,3.2,1.2
0100000US,,United States,1600000US0662938,0662938,United States - California - Roseville city,Roseville city,2.1,1.3
0100000US,,United States,1600000US0664000,0664000,United States - California - Sacramento city,Sacramento city,4.4,0.9
0100000US,,United States,1600000US0664224,0664224,United States - California - Salinas city,Salinas city,0.4,0.4
0100000US,,United States,1600000US0665000,0665000,United States - California - San Bernardino city,San Bernardino city,2.3,1.0
0100000US,,United States,1600000US0665042,0665042,United States - California - San Buenaventura (Ventura) city,San Buenaventura (Ventura) city,1.7,1.1
0100000US,,United States,1600000US0666000,0666000,United States - California - San Diego city,San Diego city,4.3,0.4
0100000US,,United States,1600000US0667000,0667000,United States - California - San Francisco city,San Francisco city,31.6,1.4
0100000US,,United States,1600000US0668000,0668000,United States - California - San Jose city,San Jose city,3.5,0.7
0100000US,,United States,1600000US0668084,0668084,United States - California - San Leandro city,San Leandro city,11.3,2.9
0100000US,,United States,1600000US0668196,0668196,United States - California - San Marcos city,San Marcos city,1.6,1.0
0100000US,,United States,1600000US0668252,0668252,United States - California - San Mateo city,San Mateo city,8.0,2.3
0100000US,,United States,1600000US0668378,0668378,United States - California - San Ramon city,San Ramon city,5.6,3.5
0100000US,,United States,1600000US0669000,0669000,United States - California - Santa Ana city,Santa Ana city,6.7,1.2
0100000US,,United States,1600000US0669070,0669070,United States - California - Santa Barbara city,Santa Barbara city,7.4,2.8
0100000US,,United States,1600000US0669084,0669084,United States - California - Santa Clara city,Santa Clara city,3.7,1.3
0100000US,,United States,1600000US0669088,0669088,United States - California - Santa Clarita city,Santa Clarita city,4.2,2.5
0100000US,,United States,1600000US0669196,0669196,United States - California - Santa Maria city,Santa Maria city,2.4,1.4
0100000US,,United States,1600000US0670000,0670000,United States - California - Santa Monica city,Santa Monica city,3.9,1.4
0100000US,,United States,1600000US0670098,0670098,United States - California - Santa Rosa city,Santa Rosa city,1.6,0.9
0100000US,,United States,1600000US0672016,0672016,United States - California - Simi Valley city,Simi Valley city,1.4,0.7
0100000US,,United States,1600000US0673080,0673080,United States - California - South Gate city,South Gate city,6.7,2.6
0100000US,,United States,1600000US0675000,0675000,United States - California - Stockton city,Stockton city,1.7,0.9
0100000US,,United States,1600000US0677000,0677000,United States - California - Sunnyvale city,Sunnyvale city,3.6,1.5
0100000US,,United States,1600000US0678120,0678120,United States - California - Temecula city,Temecula city,1.5,2.3
0100000US,,United States,1600000US0678582,0678582,United States - California - Thousand Oaks city,Thousand Oaks city,0.6,0.5
0100000US,,United States,1600000US0680000,0680000,United States - California - Torrance city,Torrance city,3.5,1.6
0100000US,,United States,1600000US0680238,0680238,United States - California - Tracy city,Tracy city,1.4,1.4
0100000US,,United States,1600000US0680812,0680812,United States - California - Turlock city,Turlock city,1.1,1.0
0100000US,,United States,1600000US0680854,0680854,United States - California - Tustin city,Tustin city,3.0,1.7
0100000US,,United States,1600000US0681204,0681204,United States - California - Union City city,Union City city,5.9,2.0
0100000US,,United States,1600000US0681344,0681344,United States - California - Upland city,Upland city,1.8,1.4
0100000US,,United States,1600000US0681554,0681554,United States - California - Vacaville city,Vacaville city,1.2,1.1
0100000US,,United States,1600000US0681666,0681666,United States - California - Vallejo city,Vallejo city,3.8,1.7
0100000US,,United States,1600000US0682590,0682590,United States - California - Victorville city,Victorville city,1.8,1.6
0100000US,,United States,1600000US0682954,0682954,United States - California - Visalia city,Visalia city,0.5,0.6
0100000US,,United States,1600000US0682996,0682996,United States - California - Vista city,Vista city,2.0,0.9
0100000US,,United States,1600000US0683346,0683346,United States - California - Walnut Creek city,Walnut Creek city,17.5,4.9
0100000US,,United States,1600000US0684200,0684200,United States - California - West Covina city,West Covina city,3.9,1.6
0100000US,,United States,1600000US0684550,0684550,United States - California - Westminster city,Westminster city,3.5,2.4
0100000US,,United States,1600000US0685292,0685292,United States - California - Whittier city,Whittier city,4.1,2.2
0100000US,,United States,1600000US0686832,0686832,United States - California - Yorba Linda city,Yorba Linda city,1.4,1.4
0100000US,,United States,1600000US0686972,0686972,United States - California - Yuba City city,Yuba City city,3.5,2.2
0100000US,,United States,0400000US08,08,United States - Colorado,Colorado,3.1,0.2
0100000US,,United States,1600000US0803455,0803455,United States - Colorado - Arvada city,Arvada city,3.2,1.6
0100000US,,United States,1600000US0804000,0804000,United States - Colorado - Aurora city,Aurora city,5.8,1.1
0100000US,,United States,1600000US0807850,0807850,United States - Colorado - Boulder city,Boulder city,8.2,1.8
0100000US,,United States,1600000US0812815,0812815,United States - Colorado - Centennial city,Centennial city,4.2,1.4
0100000US,,United States,1600000US0816000,0816000,United States - Colorado - Colorado Springs city,Colorado Springs city,0.6,0.3
0100000US,,United States,1600000US0820000,0820000,United States - Colorado - Denver city,Denver city,6.5,0.9
0100000US,,United States,1600000US0827425,0827425,United States - Colorado - Fort Collins city,Fort Collins city,1.4,0.6
0100000US,,United States,1600000US0832155,0832155,United States - Colorado - Greeley city,Greeley city,1.6,1.4
0100000US,,United States,1600000US0836410,0836410,United States - Colorado - Highlands Ranch CDP,Highlands Ranch CDP,2.3,1.3
0100000US,,United States,1600000US0843000,0843000,United States - Colorado - Lakewood city,Lakewood city,6.7,1.9
0100000US,,United States,1600000US0845970,0845970,United States - Colorado - Longmont city,Longmont city,5.1,2.3
0100000US,,United States,1600000US0846465,0846465,United States - Colorado - Loveland city,Loveland city,0.0,0.5
0100000US,,United States,1600000US0862000,0862000,United States - Colorado - Pueblo city,Pueblo city,1.1,0.8
0100000US,,United States,1600000US0877290,0877290,United States - Colorado - Thornton city,Thornton city,2.0,1.0
0100000US,,United States,1600000US0883835,0883835,United States - Colorado - Westminster city,Westminster city,5.1,1.9
0100000US,,United States,0400000US09,09,United States - Connecticut,Connecticut,4.7,0.3
0100000US,,United States,1600000US0908000,0908000,United States - Connecticut - Bridgeport city,Bridgeport city,9.4,2.6
0100000US,,United States,1600000US0918430,0918430,United States - Connecticut - Danbury city,Danbury city,3.5,1.7
0100000US,,United States,1600000US0937000,0937000,United States - Connecticut - Hartford city,Hartford city,20.5,2.8
0100000US,,United States,1600000US0950370,0950370,United States - Connecticut - New Britain city,New Britain city,2.5,1.4
0100000US,,United States,1600000US0952000,0952000,United States - Connecticut - New Haven city,New Haven city,12.9,2.5
0100000US,,United States,1600000US0955990,0955990,United States - Connecticut - Norwalk city,Norwalk city,7.8,2.7
0100000US,,United States,1600000US0973000,0973000,United States - Connecticut - Stamford city,Stamford city,11.8,2.2
0100000US,,United States,1600000US0980000,0980000,United States - Connecticut - Waterbury city,Waterbury city,3.1,1.5
0100000US,,United States,0400000US10,10,United States - Delaware,Delaware,3.3,0.5
0100000US,,United States,1600000US1077580,1077580,United States - Delaware - Wilmington city,Wilmington city,10.0,3.4
0100000US,,United States,0400000US11,11,United States - District of Columbia,District of Columbia,39.6,1.6
0100000US,,United States,1600000US1150000,1150000,United States - District of Columbia - Washington city,Washington city,39.6,1.6
0100000US,,United States,0400000US12,12,United States - Florida,Florida,2.1,0.1
0100000US,,United States,1600000US1200410,1200410,United States - Florida - Alafaya CDP,Alafaya CDP,N,N
0100000US,,United States,1600000US1207300,1207300,United States - Florida - Boca Raton city,Boca Raton city,0.9,0.7
0100000US,,United States,1600000US1207875,1207875,United States - Florida - Boynton Beach city,Boynton Beach city,2.2,1.9
0100000US,,United States,1600000US1208150,1208150,United States - Florida - Brandon CDP,Brandon CDP,0.3,0.3
0100000US,,United States,1600000US1210275,1210275,United States - Florida - Cape Coral city,Cape Coral city,0.0,0.4
0100000US,,United States,1600000US1212875,1212875,United States - Florida - Clearwater city,Clearwater city,2.1,1.3
0100000US,,United States,1600000US1214400,1214400,United States - Florida - Coral Springs city,Coral Springs city,0.7,0.6
0100000US,,United States,1600000US1216475,1216475,United States - Florida - Davie town,Davie town,1.4,1.1
0100000US,,United States,1600000US1216725,1216725,United States - Florida - Deerfield Beach city,Deerfield Beach city,2.1,1.3
0100000US,,United States,1600000US1217200,1217200,United States - Florida - Deltona city,Deltona city,N,N
0100000US,,United States,1600000US1224000,1224000,United States - Florida - Fort Lauderdale city,Fort Lauderdale city,4.1,1.5
0100000US,,United States,1600000US1224125,1224125,United States - Florida - Fort Myers city,Fort Myers city,3.5,2.3
0100000US,,United States,1600000US1225175,1225175,United States - Florida - Gainesville city,Gainesville city,7.7,2.0
0100000US,,United States,1600000US1230000,1230000,United States - Florida - Hialeah city,Hialeah city,1.8,0.7
0100000US,,United States,1600000US1232000,1232000,United States - Florida - Hollywood city,Hollywood city,3.7,1.6
0100000US,,United States,1600000US1235000,1235000,United States - Florida - Jacksonville city,Jacksonville city,2.3,0.5
0100000US,,United States,1600000US1236100,1236100,United States - Florida - Kendall CDP,Kendall CDP,6.2,3.8
0100000US,,United States,1600000US1238250,1238250,United States - Florida - Lakeland city,Lakeland city,0.8,0.9
0100000US,,United States,1600000US1239425,1239425,United States - Florida - Largo city,Largo city,0.9,0.7
0100000US,,United States,1600000US1239550,1239550,United States - Florida - Lauderhill city,Lauderhill city,6.7,3.4
0100000US,,United States,1600000US1239925,1239925,United States - Florida - Lehigh Acres CDP,Lehigh Acres CDP,N,N
0100000US,,United States,1600000US1243975,1243975,United States - Florida - Melbourne city,Melbourne city,0.2,0.3
0100000US,,United States,1600000US1245000,1245000,United States - Florida - Miami city,Miami city,10.3,1.7
0100000US,,United States,1600000US1245025,1245025,United States - Florida - Miami Beach city,Miami Beach city,12.2,3.8
0100000US,,United States,1600000US1245060,1245060,United States - Florida - Miami Gardens city,Miami Gardens city,7.3,2.3
0100000US,,United States,1600000US1245975,1245975,United States - Florida - Miramar city,Miramar city,6.5,3.4
0100000US,,United States,1600000US1253000,1253000,United States - Florida - Orlando city,Orlando city,6.3,1.6
0100000US,,United States,1600000US1254000,1254000,United States - Florida - Palm Bay city,Palm Bay city,N,N
0100000US,,United States,1600000US1254200,1254200,United States - Florida - Palm Coast city,Palm Coast city,N,N
0100000US,,United States,1600000US1255775,1255775,United States - Florida - Pembroke Pines city,Pembroke Pines city,1.6,0.9
0100000US,,United States,1600000US1257425,1257425,United States - Florida - Plantation city,Plantation city,1.0,1.0
0100000US,,United States,1600000US1258050,1258050,United States - Florida - Pompano Beach city,Pompano Beach city,7.8,3.5
0100000US,,United States,1600000US1258715,1258715,United States - Florida - Port St. Lucie city,Port St. Lucie city,0.3,0.5
0100000US,,United States,1600000US1260950,1260950,United States - Florida - Riverview CDP,Riverview CDP,0.6,1.0
0100000US,,United States,1600000US1263000,1263000,United States - Florida - St. Petersburg city,St. Petersburg city,2.6,1.0
0100000US,,United States,1600000US1268350,1268350,United States - Florida - Spring Hill CDP,Spring Hill CDP,0.0,0.7
0100000US,,United States,1600000US1269700,1269700,United States - Florida - Sunrise city,Sunrise city,2.4,1.8
0100000US,,United States,1600000US1270600,1270600,United States - Florida - Tallahassee city,Tallahassee city,2.2,1.1
0100000US,,United States,1600000US1271000,1271000,United States - Florida - Tampa city,Tampa city,3.1,0.8
0100000US,,United States,1600000US1272145,1272145,United States - Florida - Town 'n' Country CDP,Town 'n' Country CDP,0.3,0.4
0100000US,,United States,1600000US1276582,1276582,United States - Florida - Weston city,Weston city,0.4,0.7
0100000US,,United States,1600000US1276600,1276600,United States - Florida - West Palm Beach city,West Palm Beach city,2.6,1.3
0100000US,,United States,0400000US13,13,United States - Georgia,Georgia,2.2,0.2
0100000US,,United States,1600000US1301052,1301052,United States - Georgia - Albany city,Albany city,1.1,0.8
0100000US,,United States,1600000US1303440,1303440,United States - Georgia - Athens-Clarke County unified government (balance),Athens-Clarke County unified government (balance),4.9,2.0
0100000US,,United States,1600000US1304000,1304000,United States - Georgia - Atlanta city,Atlanta city,9.1,1.4
0100000US,,United States,1600000US1304204,1304204,United States - Georgia - Augusta-Richmond County consolidated government (balance),Augusta-Richmond County consolidated government (balance),2.5,1.1
0100000US,,United States,1600000US1319000,1319000,United States - Georgia - Columbus city,Columbus city,0.6,0.4
0100000US,,United States,1600000US1342425,1342425,United States - Georgia - Johns Creek city,Johns Creek city,N,N
0100000US,,United States,1600000US1349000,1349000,United States - Georgia - Macon city,Macon city,1.4,1.0
0100000US,,United States,1600000US1367284,1367284,United States - Georgia - Roswell city,Roswell city,1.6,1.3
0100000US,,United States,1600000US1368516,1368516,United States - Georgia - Sandy Springs city,Sandy Springs city,7.6,3.1
0100000US,,United States,1600000US1369000,1369000,United States - Georgia - Savannah city,Savannah city,4.1,1.7
0100000US,,United States,1600000US1380508,1380508,United States - Georgia - Warner Robins city,Warner Robins city,0.0,0.7
0100000US,,United States,0400000US15,15,United States - Hawaii,Hawaii,5.9,0.6
0100000US,,United States,1600000US1571550,1571550,United States - Hawaii - Urban Honolulu CDP,Urban Honolulu CDP,11.4,1.4
0100000US,,United States,0400000US16,16,United States - Idaho,Idaho,0.7,0.2
0100000US,,United States,1600000US1608830,1608830,United States - Idaho - Boise City city,Boise City city,0.5,0.4
0100000US,,United States,1600000US1652120,1652120,United States - Idaho - Meridian city,Meridian city,N,N
0100000US,,United States,1600000US1656260,1656260,United States - Idaho - Nampa city,Nampa city,0.1,0.1
0100000US,,United States,0400000US17,17,United States - Illinois,Illinois,9.0,0.2
0100000US,,United States,1600000US1702154,1702154,United States - Illinois - Arlington Heights village,Arlington Heights village,4.5,1.7
0100000US,,United States,1600000US1703012,1703012,United States - Illinois - Aurora city,Aurora city,6.6,2.2
0100000US,,United States,1600000US1706613,1706613,United States - Illinois - Bloomington city,Bloomington city,2.1,1.1
0100000US,,United States,1600000US1707133,1707133,United States - Illinois - Bolingbrook village,Bolingbrook village,4.2,2.0
0100000US,,United States,1600000US1712385,1712385,United States - Illinois - Champaign city,Champaign city,6.4,2.1
0100000US,,United States,1600000US1714000,1714000,United States - Illinois - Chicago city,Chicago city,27.6,0.9
0100000US,,United States,1600000US1714351,1714351,United States - Illinois - Cicero town,Cicero town,10.7,3.8
0100000US,,United States,1600000US1718823,1718823,United States - Illinois - Decatur city,Decatur city,1.4,0.8
0100000US,,United States,1600000US1723074,1723074,United States - Illinois - Elgin city,Elgin city,1.4,0.9
0100000US,,United States,1600000US1724582,1724582,United States - Illinois - Evanston city,Evanston city,19.9,3.3
0100000US,,United States,1600000US1738570,1738570,United States - Illinois - Joliet city,Joliet city,1.9,0.8
0100000US,,United States,1600000US1751622,1751622,United States - Illinois - Naperville city,Naperville city,9.0,2.5
0100000US,,United States,1600000US1757225,1757225,United States - Illinois - Palatine village,Palatine village,4.0,1.6
0100000US,,United States,1600000US1759000,1759000,United States - Illinois - Peoria city,Peoria city,3.3,1.5
0100000US,,United States,1600000US1765000,1765000,United States - Illinois - Rockford city,Rockford city,1.0,0.6
0100000US,,United States,1600000US1768003,1768003,United States - Illinois - Schaumburg village,Schaumburg village,4.1,1.7
0100000US,,United States,1600000US1770122,1770122,United States - Illinois - Skokie village,Skokie village,10.6,3.6
0100000US,,United States,1600000US1772000,1772000,United States - Illinois - Springfield city,Springfield city,2.5,1.2
0100000US,,United States,1600000US1779293,1779293,United States - Illinois - Waukegan city,Waukegan city,3.3,1.6
0100000US,,United States,0400000US18,18,United States - Indiana,Indiana,1.1,0.1
0100000US,,United States,1600000US1805860,1805860,United States - Indiana - Bloomington city,Bloomington city,5.1,1.7
0100000US,,United States,1600000US1810342,1810342,United States - Indiana - Carmel city,Carmel city,N,N
0100000US,,United States,1600000US1822000,1822000,United States - Indiana - Evansville city,Evansville city,3.0,1.8
0100000US,,United States,1600000US1823278,1823278,United States - Indiana - Fishers town,Fishers town,N,N
0100000US,,United States,1600000US1825000,1825000,United States - Indiana - Fort Wayne city,Fort Wayne city,0.9,0.4
0100000US,,United States,1600000US1827000,1827000,United States - Indiana - Gary city,Gary city,2.7,1.3
0100000US,,United States,1600000US1831000,1831000,United States - Indiana - Hammond city,Hammond city,3.5,1.7
0100000US,,United States,1600000US1836003,1836003,United States - Indiana - Indianapolis city (balance),Indianapolis city (balance),2.3,0.5
0100000US,,United States,1600000US1840788,1840788,United States - Indiana - Lafayette city,Lafayette city,2.7,1.4
0100000US,,United States,1600000US1851876,1851876,United States - Indiana - Muncie city,Muncie city,2.5,1.8
0100000US,,United States,1600000US1871000,1871000,United States - Indiana - South Bend city,South Bend city,1.6,0.7
0100000US,,United States,0400000US19,19,United States - Iowa,Iowa,1.1,0.2
0100000US,,United States,1600000US1912000,1912000,United States - Iowa - Cedar Rapids city,Cedar Rapids city,1.1,0.6
0100000US,,United States,1600000US1919000,1919000,United States - Iowa - Davenport city,Davenport city,1.2,0.9
0100000US,,United States,1600000US1921000,1921000,United States - Iowa - Des Moines city,Des Moines city,1.5,0.5
0100000US,,United States,1600000US1938595,1938595,United States - Iowa - Iowa City city,Iowa City city,11.5,3.1
0100000US,,United States,1600000US1973335,1973335,United States - Iowa - Sioux City city,Sioux City city,0.8,0.7
0100000US,,United States,1600000US1982425,1982425,United States - Iowa - Waterloo city,Waterloo city,0.3,0.3
0100000US,,United States,0400000US20,20,United States - Kansas,Kansas,0.4,0.1
0100000US,,United States,1600000US2036000,2036000,United States - Kansas - Kansas City city,Kansas City city,1.3,0.7
0100000US,,United States,1600000US2038900,2038900,United States - Kansas - Lawrence city,Lawrence city,2.3,2.2
0100000US,,United States,1600000US2052575,2052575,United States - Kansas - Olathe city,Olathe city,0.3,0.2
0100000US,,United States,1600000US2053775,2053775,United States - Kansas - Overland Park city,Overland Park city,0.3,0.3
0100000US,,United States,1600000US2071000,2071000,United States - Kansas - Topeka city,Topeka city,0.6,0.4
0100000US,,United States,1600000US2079000,2079000,United States - Kansas - Wichita city,Wichita city,0.4,0.2
0100000US,,United States,0400000US21,21,United States - Kentucky,Kentucky,1.2,0.2
0100000US,,United States,1600000US2146027,2146027,United States - Kentucky - Lexington-Fayette urban county,Lexington-Fayette urban county,2.1,0.7
0100000US,,United States,1600000US2148006,2148006,United States - Kentucky - Louisville/Jefferson County metro government (balance),Louisville/Jefferson County metro government (balance),3.1,0.7
0100000US,,United States,0400000US22,22,United States - Louisiana,Louisiana,1.3,0.1
0100000US,,United States,1600000US2205000,2205000,United States - Louisiana - Baton Rouge city,Baton Rouge city,1.9,0.7
0100000US,,United States,1600000US2239475,2239475,United States - Louisiana - Kenner city,Kenner city,0.7,1.2
0100000US,,United States,1600000US2240735,2240735,United States - Louisiana - Lafayette city,Lafayette city,1.4,0.7
0100000US,,United States,1600000US2241155,2241155,United States - Louisiana - Lake Charles city,Lake Charles city,1.2,1.2
0100000US,,United States,1600000US2250115,2250115,United States - Louisiana - Metairie CDP,Metairie CDP,1.0,0.8
0100000US,,United States,1600000US2255000,2255000,United States - Louisiana - New Orleans city,New Orleans city,7.8,1.2
0100000US,,United States,1600000US2270000,2270000,United States - Louisiana - Shreveport city,Shreveport city,2.4,0.8
0100000US,,United States,0400000US23,23,United States - Maine,Maine,0.6,0.2
0100000US,,United States,1600000US2360545,2360545,United States - Maine - Portland city,Portland city,2.9,1.3
0100000US,,United States,0400000US24,24,United States - Maryland,Maryland,9.2,0.3
0100000US,,United States,1600000US2404000,2404000,United States - Maryland - Baltimore city,Baltimore city,17.5,1.7
0100000US,,United States,1600000US2419125,2419125,United States - Maryland - Columbia CDP,Columbia CDP,3.2,1.3
0100000US,,United States,1600000US2426000,2426000,United States - Maryland - Ellicott City CDP,Ellicott City CDP,2.9,1.5
0100000US,,United States,1600000US2430325,2430325,United States - Maryland - Frederick city,Frederick city,3.9,1.9
0100000US,,United States,1600000US2432025,2432025,United States - Maryland - Germantown CDP,Germantown CDP,11.2,3.1
0100000US,,United States,1600000US2432650,2432650,United States - Maryland - Glen Burnie CDP,Glen Burnie CDP,2.1,1.6
0100000US,,United States,1600000US2472450,2472450,United States - Maryland - Silver Spring CDP,Silver Spring CDP,25.1,3.9
0100000US,,United States,1600000US2481175,2481175,United States - Maryland - Waldorf CDP,Waldorf CDP,10.8,3.5
0100000US,,United States,0400000US25,25,United States - Massachusetts,Massachusetts,8.9,0.3
0100000US,,United States,1600000US2507000,2507000,United States - Massachusetts - Boston city,Boston city,32.6,1.9
0100000US,,United States,1600000US2509000,2509000,United States - Massachusetts - Brockton city,Brockton city,7.2,2.2
0100000US,,United States,1600000US2511000,2511000,United States - Massachusetts - Cambridge city,Cambridge city,29.6,3.5
0100000US,,United States,1600000US2523000,2523000,United States - Massachusetts - Fall River city,Fall River city,0.8,0.8
0100000US,,United States,1600000US2524960,2524960,United States - Massachusetts - Framingham CDP,Framingham CDP,2.9,1.5
0100000US,,United States,1600000US2534550,2534550,United States - Massachusetts - Lawrence city,Lawrence city,4.3,1.6
0100000US,,United States,1600000US2537000,2537000,United States - Massachusetts - Lowell city,Lowell city,3.0,1.3
0100000US,,United States,1600000US2537490,2537490,United States - Massachusetts - Lynn city,Lynn city,12.0,3.3
0100000US,,United States,1600000US2545000,2545000,United States - Massachusetts - New Bedford city,New Bedford city,1.7,1.0
0100000US,,United States,1600000US2545560,2545560,United States - Massachusetts - Newton city,Newton city,11.0,2.1
0100000US,,United States,1600000US2555745,2555745,United States - Massachusetts - Quincy city,Quincy city,25.8,3.7
0100000US,,United States,1600000US2562535,2562535,United States - Massachusetts - Somerville city,Somerville city,29.6,4.1
0100000US,,United States,1600000US2567000,2567000,United States - Massachusetts - Springfield city,Springfield city,6.1,2.2
0100000US,,United States,1600000US2582000,2582000,United States - Massachusetts - Worcester city,Worcester city,2.5,1.1
0100000US,,United States,0400000US26,26,United States - Michigan,Michigan,1.4,0.1
0100000US,,United States,1600000US2603000,2603000,United States - Michigan - Ann Arbor city,Ann Arbor city,11.0,2.5
0100000US,,United States,1600000US2621000,2621000,United States - Michigan - Dearborn city,Dearborn city,0.8,0.9
0100000US,,United States,1600000US2622000,2622000,United States - Michigan - Detroit city,Detroit city,9.7,1.1
0100000US,,United States,1600000US2627440,2627440,United States - Michigan - Farmington Hills city,Farmington Hills city,0.1,0.1
0100000US,,United States,1600000US2629000,2629000,United States - Michigan - Flint city,Flint city,3.3,1.9
0100000US,,United States,1600000US2634000,2634000,United States - Michigan - Grand Rapids city,Grand Rapids city,4.3,1.3
0100000US,,United States,1600000US2642160,2642160,United States - Michigan - Kalamazoo city,Kalamazoo city,2.3,1.1
0100000US,,United States,1600000US2646000,2646000,United States - Michigan - Lansing city,Lansing city,4.2,1.2
0100000US,,United States,1600000US2649000,2649000,United States - Michigan - Livonia city,Livonia city,0.1,0.2
0100000US,,United States,1600000US2669035,2669035,United States - Michigan - Rochester Hills city,Rochester Hills city,0.3,0.3
0100000US,,United States,1600000US2674900,2674900,United States - Michigan - Southfield city,Southfield city,1.6,1.1
0100000US,,United States,1600000US2676460,2676460,United States - Michigan - Sterling Heights city,Sterling Heights city,0.1,0.2
0100000US,,United States,1600000US2680700,2680700,United States - Michigan - Troy city,Troy city,0.0,0.1
0100000US,,United States,1600000US2684000,2684000,United States - Michigan - Warren city,Warren city,1.4,0.7
0100000US,,United States,1600000US2686000,2686000,United States - Michigan - Westland city,Westland city,0.5,0.4
0100000US,,United States,1600000US2688940,2688940,United States - Michigan - Wyoming city,Wyoming city,1.7,1.1
0100000US,,United States,0400000US27,27,United States - Minnesota,Minnesota,3.4,0.2
0100000US,,United States,1600000US2706616,2706616,United States - Minnesota - Bloomington city,Bloomington city,4.2,1.5
0100000US,,United States,1600000US2707966,2707966,United States - Minnesota - Brooklyn Park city,Brooklyn Park city,5.7,1.9
0100000US,,United States,1600000US2717000,2717000,United States - Minnesota - Duluth city,Duluth city,4.9,1.4
0100000US,,United States,1600000US2743000,2743000,United States - Minnesota - Minneapolis city,Minneapolis city,14.5,1.5
0100000US,,United States,1600000US2751730,2751730,United States - Minnesota - Plymouth city,Plymouth city,3.1,1.4
0100000US,,United States,1600000US2754880,2754880,United States - Minnesota - Rochester city,Rochester city,4.7,1.2
0100000US,,United States,1600000US2756896,2756896,United States - Minnesota - St. Cloud city,St. Cloud city,1.8,1.0
0100000US,,United States,1600000US2758000,2758000,United States - Minnesota - St. Paul city,St. Paul city,7.1,1.0
0100000US,,United States,0400000US28,28,United States - Mississippi,Mississippi,0.4,0.1
0100000US,,United States,1600000US2829700,2829700,United States - Mississippi - Gulfport city,Gulfport city,1.6,1.9
0100000US,,United States,1600000US2836000,2836000,United States - Mississippi - Jackson city,Jackson city,1.0,0.6
0100000US,,United States,0400000US29,29,United States - Missouri,Missouri,1.4,0.1
0100000US,,United States,1600000US2915670,2915670,United States - Missouri - Columbia city,Columbia city,0.9,0.6
0100000US,,United States,1600000US2935000,2935000,United States - Missouri - Independence city,Independence city,0.5,0.3
0100000US,,United States,1600000US2938000,2938000,United States - Missouri - Kansas City city,Kansas City city,3.7,0.7
0100000US,,United States,1600000US2941348,2941348,United States - Missouri - Lee's Summit city,Lee's Summit city,0.5,0.4
0100000US,,United States,1600000US2954074,2954074,United States - Missouri - O'Fallon city,O'Fallon city,N,N
0100000US,,United States,1600000US2964082,2964082,United States - Missouri - St. Charles city,St. Charles city,0.2,0.3
0100000US,,United States,1600000US2964550,2964550,United States - Missouri - St. Joseph city,St. Joseph city,1.2,0.9
0100000US,,United States,1600000US2965000,2965000,United States - Missouri - St. Louis city,St. Louis city,7.9,1.3
0100000US,,United States,1600000US2970000,2970000,United States - Missouri - Springfield city,Springfield city,0.8,0.4
0100000US,,United States,0400000US30,30,United States - Montana,Montana,0.9,0.2
0100000US,,United States,1600000US3006550,3006550,United States - Montana - Billings city,Billings city,2.0,1.1
0100000US,,United States,1600000US3050200,3050200,United States - Montana - Missoula city,Missoula city,1.5,1.2
0100000US,,United States,0400000US31,31,United States - Nebraska,Nebraska,0.7,0.1
0100000US,,United States,1600000US3128000,3128000,United States - Nebraska - Lincoln city,Lincoln city,1.4,0.5
0100000US,,United States,1600000US3137000,3137000,United States - Nebraska - Omaha city,Omaha city,1.6,0.5
0100000US,,United States,0400000US32,32,United States - Nevada,Nevada,3.5,0.4
0100000US,,United States,1600000US3223770,3223770,United States - Nevada - Enterprise CDP,Enterprise CDP,0.5,0.6
0100000US,,United States,1600000US3231900,3231900,United States - Nevada - Henderson city,Henderson city,1.7,0.9
0100000US,,United States,1600000US3240000,3240000,United States - Nevada - Las Vegas city,Las Vegas city,3.6,0.8
0100000US,,United States,1600000US3251800,3251800,United States - Nevada - North Las Vegas city,North Las Vegas city,3.6,1.3
0100000US,,United States,1600000US3254600,3254600,United States - Nevada - Paradise CDP,Paradise CDP,6.9,1.6
0100000US,,United States,1600000US3260600,3260600,United States - Nevada - Reno city,Reno city,2.5,1.0
0100000US,,United States,1600000US3268400,3268400,United States - Nevada - Sparks city,Sparks city,1.2,1.0
0100000US,,United States,1600000US3268585,3268585,United States - Nevada - Spring Valley CDP,Spring Valley CDP,5.4,2.0
0100000US,,United States,1600000US3271400,3271400,United States - Nevada - Sunrise Manor CDP,Sunrise Manor CDP,5.2,1.7
0100000US,,United States,0400000US33,33,United States - New Hampshire,New Hampshire,0.7,0.2
0100000US,,United States,1600000US3345140,3345140,United States - New Hampshire - Manchester city,Manchester city,0.7,0.4
0100000US,,United States,1600000US3350260,3350260,United States - New Hampshire - Nashua city,Nashua city,1.8,0.9
0100000US,,United States,0400000US34,34,United States - New Jersey,New Jersey,11.0,0.3
0100000US,,United States,1600000US3410000,3410000,United States - New Jersey - Camden city,Camden city,17.8,5.8
0100000US,,United States,1600000US3413690,3413690,United States - New Jersey - Clifton city,Clifton city,7.2,2.4
0100000US,,United States,1600000US3419390,3419390,United States - New Jersey - East Orange city,East Orange city,28.7,7.0
0100000US,,United States,1600000US3421000,3421000,United States - New Jersey - Elizabeth city,Elizabeth city,15.4,3.4
0100000US,,United States,1600000US3436000,3436000,United States - New Jersey - Jersey City city,Jersey City city,49.1,2.6
0100000US,,United States,1600000US3451000,3451000,United States - New Jersey - Newark city,Newark city,26.4,2.7
0100000US,,United States,1600000US3456550,3456550,United States - New Jersey - Passaic city,Passaic city,22.0,7.3
0100000US,,United States,1600000US3457000,3457000,United States - New Jersey - Paterson city,Paterson city,12.4,2.8
0100000US,,United States,1600000US3473110,3473110,United States - New Jersey - Toms River CDP,Toms River CDP,3.2,1.4
0100000US,,United States,1600000US3474000,3474000,United States - New Jersey - Trenton city,Trenton city,11.4,2.9
0100000US,,United States,1600000US3474630,3474630,United States - New Jersey - Union City city,Union City city,42.0,6.3
0100000US,,United States,0400000US35,35,United States - New Mexico,New Mexico,1.1,0.2
0100000US,,United States,1600000US3502000,3502000,United States - New Mexico - Albuquerque city,Albuquerque city,2.0,0.6
0100000US,,United States,1600000US3539380,3539380,United States - New Mexico - Las Cruces city,Las Cruces city,0.9,1.1
0100000US,,United States,1600000US3563460,3563460,United States - New Mexico - Rio Rancho city,Rio Rancho city,0.9,0.8
0100000US,,United States,1600000US3570500,3570500,United States - New Mexico - Santa Fe city,Santa Fe city,1.4,0.9
0100000US,,United States,0400000US36,36,United States - New York,New York,27.0,0.3
0100000US,,United States,1600000US3601000,3601000,United States - New York - Albany city,Albany city,14.6,3.6
0100000US,,United States,1600000US3611000,3611000,United States - New York - Buffalo city,Buffalo city,13.7,1.8
0100000US,,United States,1600000US3615000,3615000,United States - New York - Cheektowaga CDP,Cheektowaga CDP,1.3,0.9
0100000US,,United States,1600000US3649121,3649121,United States - New York - Mount Vernon city,Mount Vernon city,17.0,3.3
0100000US,,United States,1600000US3650617,3650617,United States - New York - New Rochelle city,New Rochelle city,20.9,3.0
0100000US,,United States,1600000US3651000,3651000,United States - New York - New York city,New York city,56.3,0.6
0100000US,,United States,1600000US3663000,3663000,United States - New York - Rochester city,Rochester city,7.0,1.5
0100000US,,United States,1600000US3665508,3665508,United States - New York - Schenectady city,Schenectady city,6.9,2.3
0100000US,,United States,1600000US3673000,3673000,United States - New York - Syracuse city,Syracuse city,8.5,2.0
0100000US,,United States,1600000US3684000,3684000,United States - New York - Yonkers city,Yonkers city,24.7,2.5
0100000US,,United States,0400000US37,37,United States - North Carolina,North Carolina,1.2,0.1
0100000US,,United States,1600000US3702140,3702140,United States - North Carolina - Asheville city,Asheville city,1.9,1.2
0100000US,,United States,1600000US3710740,3710740,United States - North Carolina - Cary town,Cary town,1.3,1.0
0100000US,,United States,1600000US3712000,3712000,United States - North Carolina - Charlotte city,Charlotte city,4.0,0.7
0100000US,,United States,1600000US3714100,3714100,United States - North Carolina - Concord city,Concord city,N,N
0100000US,,United States,1600000US3719000,3719000,United States - North Carolina - Durham city,Durham city,3.9,1.0
0100000US,,United States,1600000US3722920,3722920,United States - North Carolina - Fayetteville city,Fayetteville city,1.0,0.7
0100000US,,United States,1600000US3725580,3725580,United States - North Carolina - Gastonia city,Gastonia city,1.0,0.8
0100000US,,United States,1600000US3728000,3728000,United States - North Carolina - Greensboro city,Greensboro city,2.0,0.7
0100000US,,United States,1600000US3728080,3728080,United States - North Carolina - Greenville city,Greenville city,1.3,1.1
0100000US,,United States,1600000US3731400,3731400,United States - North Carolina - High Point city,High Point city,2.2,1.5
0100000US,,United States,1600000US3734200,3734200,United States - North Carolina - Jacksonville city,Jacksonville city,0.2,0.4
0100000US,,United States,1600000US3755000,3755000,United States - North Carolina - Raleigh city,Raleigh city,2.4,0.7
0100000US,,United States,1600000US3774440,3774440,United States - North Carolina - Wilmington city,Wilmington city,1.7,1.0
0100000US,,United States,1600000US3775000,3775000,United States - North Carolina - Winston-Salem city,Winston-Salem city,2.2,0.8
0100000US,,United States,0400000US38,38,United States - North Dakota,North Dakota,0.4,0.2
0100000US,,United States,1600000US3825700,3825700,United States - North Dakota - Fargo city,Fargo city,0.7,0.6
0100000US,,United States,0400000US39,39,United States - Ohio,Ohio,1.7,0.1
0100000US,,United States,1600000US3901000,3901000,United States - Ohio - Akron city,Akron city,3.3,0.9
0100000US,,United States,1600000US3912000,3912000,United States - Ohio - Canton city,Canton city,4.0,1.7
0100000US,,United States,1600000US3915000,3915000,United States - Ohio - Cincinnati city,Cincinnati city,9.0,1.4
0100000US,,United States,1600000US3916000,3916000,United States - Ohio - Cleveland city,Cleveland city,10.8,1.5
0100000US,,United States,1600000US3918000,3918000,United States - Ohio - Columbus city,Columbus city,3.3,0.5
0100000US,,United States,1600000US3921000,3921000,United States - Ohio - Dayton city,Dayton city,6.7,1.9
0100000US,,United States,1600000US3944856,3944856,United States - Ohio - Lorain city,Lorain city,0.3,0.5
0100000US,,United States,1600000US3961000,3961000,United States - Ohio - Parma city,Parma city,1.3,0.8
0100000US,,United States,1600000US3977000,3977000,United States - Ohio - Toledo city,Toledo city,1.9,0.6
0100000US,,United States,1600000US3988000,3988000,United States - Ohio - Youngstown city,Youngstown city,1.9,2.0
0100000US,,United States,0400000US40,40,United States - Oklahoma,Oklahoma,0.5,0.1
0100000US,,United States,1600000US4009050,4009050,United States - Oklahoma - Broken Arrow city,Broken Arrow city,0.2,0.3
0100000US,,United States,1600000US4023200,4023200,United States - Oklahoma - Edmond city,Edmond city,1.1,0.9
0100000US,,United States,1600000US4041850,4041850,United States - Oklahoma - Lawton city,Lawton city,2.0,1.2
0100000US,,United States,1600000US4052500,4052500,United States - Oklahoma - Norman city,Norman city,0.5,0.4
0100000US,,United States,1600000US4055000,4055000,United States - Oklahoma - Oklahoma City city,Oklahoma City city,0.5,0.2
0100000US,,United States,1600000US4075000,4075000,United States - Oklahoma - Tulsa city,Tulsa city,0.8,0.3
0100000US,,United States,0400000US41,41,United States - Oregon,Oregon,4.3,0.3
0100000US,,United States,1600000US4105350,4105350,United States - Oregon - Beaverton city,Beaverton city,7.4,2.5
0100000US,,United States,1600000US4105800,4105800,United States - Oregon - Bend city,Bend city,0.7,0.9
0100000US,,United States,1600000US4123850,4123850,United States - Oregon - Eugene city,Eugene city,3.2,1.2
0100000US,,United States,1600000US4131250,4131250,United States - Oregon - Gresham city,Gresham city,8.3,2.0
0100000US,,United States,1600000US4134100,4134100,United States - Oregon - Hillsboro city,Hillsboro city,4.2,1.6
0100000US,,United States,1600000US4147000,4147000,United States - Oregon - Medford city,Medford city,1.0,1.2
0100000US,,United States,1600000US4159000,4159000,United States - Oregon - Portland city,Portland city,13.0,1.2
0100000US,,United States,1600000US4164900,4164900,United States - Oregon - Salem city,Salem city,0.9,0.7
0100000US,,United States,0400000US42,42,United States - Pennsylvania,Pennsylvania,5.3,0.2
0100000US,,United States,1600000US4202000,4202000,United States - Pennsylvania - Allentown city,Allentown city,4.3,1.8
0100000US,,United States,1600000US4206088,4206088,United States - Pennsylvania - Bethlehem city,Bethlehem city,2.2,1.0
0100000US,,United States,1600000US4224000,4224000,United States - Pennsylvania - Erie city,Erie city,5.9,1.9
0100000US,,United States,1600000US4260000,4260000,United States - Pennsylvania - Philadelphia city,Philadelphia city,25.6,1.2
0100000US,,United States,1600000US4261000,4261000,United States - Pennsylvania - Pittsburgh city,Pittsburgh city,18.0,1.6
0100000US,,United States,1600000US4263624,4263624,United States - Pennsylvania - Reading city,Reading city,11.7,3.1
0100000US,,United States,1600000US4269000,4269000,United States - Pennsylvania - Scranton city,Scranton city,3.6,1.7
0100000US,,United States,0400000US44,44,United States - Rhode Island,Rhode Island,3.1,0.5
0100000US,,United States,1600000US4419180,4419180,United States - Rhode Island - Cranston city,Cranston city,2.8,1.6
0100000US,,United States,1600000US4454640,4454640,United States - Rhode Island - Pawtucket city,Pawtucket city,4.3,1.7
0100000US,,United States,1600000US4459000,4459000,United States - Rhode Island - Providence city,Providence city,10.0,2.2
0100000US,,United States,1600000US4474300,4474300,United States - Rhode Island - Warwick city,Warwick city,1.2,0.8
0100000US,,United States,0400000US45,45,United States - South Carolina,South Carolina,0.7,0.1
0100000US,,United States,1600000US4513330,4513330,United States - South Carolina - Charleston city,Charleston city,2.2,1.0
0100000US,,United States,1600000US4516000,4516000,United States - South Carolina - Columbia city,Columbia city,1.8,0.8
0100000US,,United States,1600000US4548535,4548535,United States - South Carolina - Mount Pleasant town,Mount Pleasant town,N,N
0100000US,,United States,1600000US4550875,4550875,United States - South Carolina - North Charleston city,North Charleston city,5.4,2.1
0100000US,,United States,1600000US4561405,4561405,United States - South Carolina - Rock Hill city,Rock Hill city,1.4,1.5
0100000US,,United States,0400000US46,46,United States - South Dakota,South Dakota,0.7,0.2
0100000US,,United States,1600000US4652980,4652980,United States - South Dakota - Rapid City city,Rapid City city,0.8,0.9
0100000US,,United States,1600000US4659020,4659020,United States - South Dakota - Sioux Falls city,Sioux Falls city,1.4,0.9
0100000US,,United States,0400000US47,47,United States - Tennessee,Tennessee,0.9,0.1
0100000US,,United States,1600000US4714000,4714000,United States - Tennessee - Chattanooga city,Chattanooga city,2.4,1.0
0100000US,,United States,1600000US4715160,4715160,United States - Tennessee - Clarksville city,Clarksville city,1.0,0.9
0100000US,,United States,1600000US4737640,4737640,United States - Tennessee - Jackson city,Jackson city,1.1,1.2
0100000US,,United States,1600000US4740000,4740000,United States - Tennessee - Knoxville city,Knoxville city,1.5,0.7
0100000US,,United States,1600000US4748000,4748000,United States - Tennessee - Memphis city,Memphis city,2.9,0.6
0100000US,,United States,1600000US4751560,4751560,United States - Tennessee - Murfreesboro city,Murfreesboro city,0.9,0.8
0100000US,,United States,1600000US4752006,4752006,United States - Tennessee - Nashville-Davidson metropolitan government (balance),Nashville-Davidson metropolitan government (balance),2.8,0.6
0100000US,,United States,0400000US48,48,United States - Texas,Texas,1.6,0.1
0100000US,,United States,1600000US4801000,4801000,United States - Texas - Abilene city,Abilene city,0.9,0.7
0100000US,,United States,1600000US4801924,4801924,United States - Texas - Allen city,Allen city,1.8,1.6
0100000US,,United States,1600000US4803000,4803000,United States - Texas - Amarillo city,Amarillo city,0.8,0.4
0100000US,,United States,1600000US4804000,4804000,United States - Texas - Arlington city,Arlington city,0.3,0.2
0100000US,,United States,1600000US4804462,4804462,United States - Texas - Atascocita CDP,Atascocita CDP,1.6,1.5
0100000US,,United States,1600000US4805000,4805000,United States - Texas - Austin city,Austin city,4.2,0.5
0100000US,,United States,1600000US4806128,4806128,United States - Texas - Baytown city,Baytown city,0.4,0.7
0100000US,,United States,1600000US4807000,4807000,United States - Texas - Beaumont city,Beaumont city,1.2,0.7
0100000US,,United States,1600000US4810768,4810768,United States - Texas - Brownsville city,Brownsville city,1.1,0.6
0100000US,,United States,1600000US4810912,4810912,United States - Texas - Bryan city,Bryan city,0.5,0.7
0100000US,,United States,1600000US4813024,4813024,United States - Texas - Carrollton city,Carrollton city,1.2,0.7
0100000US,,United States,1600000US4815976,4815976,United States - Texas - College Station city,College Station city,4.6,2.2
0100000US,,United States,1600000US4817000,4817000,United States - Texas - Corpus Christi city,Corpus Christi city,1.5,0.6
0100000US,,United States,1600000US4819000,4819000,United States - Texas - Dallas city,Dallas city,3.9,0.5
0100000US,,United States,1600000US4819972,4819972,United States - Texas - Denton city,Denton city,1.4,0.8
0100000US,,United States,1600000US4822660,4822660,United States - Texas - Edinburg city,Edinburg city,0.0,0.6
0100000US,,United States,1600000US4824000,4824000,United States - Texas - El Paso city,El Paso city,2.3,0.6
0100000US,,United States,1600000US4826232,4826232,United States - Texas - Flower Mound town,Flower Mound town,N,N
0100000US,,United States,1600000US4827000,4827000,United States - Texas - Fort Worth city,Fort Worth city,0.9,0.3
0100000US,,United States,1600000US4827684,4827684,United States - Texas - Frisco city,Frisco city,N,N
0100000US,,United States,1600000US4829000,4829000,United States - Texas - Garland city,Garland city,2.7,1.0
0100000US,,United States,1600000US4830464,4830464,United States - Texas - Grand Prairie city,Grand Prairie city,0.1,0.1
0100000US,,United States,1600000US4832372,4832372,United States - Texas - Harlingen city,Harlingen city,1.3,1.4
0100000US,,United States,1600000US4835000,4835000,United States - Texas - Houston city,Houston city,4.3,0.4
0100000US,,United States,1600000US4837000,4837000,United States - Texas - Irving city,Irving city,1.6,0.6
0100000US,,United States,1600000US4839148,4839148,United States - Texas - Killeen city,Killeen city,0.3,0.4
0100000US,,United States,1600000US4841464,4841464,United States - Texas - Laredo city,Laredo city,0.7,0.4
0100000US,,United States,1600000US4841980,4841980,United States - Texas - League City city,League City city,0.5,0.7
0100000US,,United States,1600000US4842508,4842508,United States - Texas - Lewisville city,Lewisville city,1.7,1.4
0100000US,,United States,1600000US4843888,4843888,United States - Texas - Longview city,Longview city,1.3,1.1
0100000US,,United States,1600000US4845000,4845000,United States - Texas - Lubbock city,Lubbock city,1.3,0.6
0100000US,,United States,1600000US4845384,4845384,United States - Texas - McAllen city,McAllen city,0.2,0.3
0100000US,,United States,1600000US4845744,4845744,United States - Texas - McKinney city,McKinney city,0.6,0.8
0100000US,,United States,1600000US4847892,4847892,United States - Texas - Mesquite city,Mesquite city,0.3,0.3
0100000US,,United States,1600000US4848072,4848072,United States - Texas - Midland city,Midland city,0.3,0.3
0100000US,,United States,1600000US4848768,4848768,United States - Texas - Mission city,Mission city,0.2,0.4
0100000US,,United States,1600000US4848804,4848804,United States - Texas - Missouri City city,Missouri City city,3.7,1.9
0100000US,,United States,1600000US4852356,4852356,United States - Texas - North Richland Hills city,North Richland Hills city,1.3,1.4
0100000US,,United States,1600000US4853388,4853388,United States - Texas - Odessa city,Odessa city,0.7,0.8
0100000US,,United States,1600000US4856000,4856000,United States - Texas - Pasadena city,Pasadena city,0.5,0.5
0100000US,,United States,1600000US4856348,4856348,United States - Texas - Pearland city,Pearland city,0.0,0.4
0100000US,,United States,1600000US4857200,4857200,United States - Texas - Pharr city,Pharr city,0.0,0.7
0100000US,,United States,1600000US4858016,4858016,United States - Texas - Plano city,Plano city,1.1,0.5
0100000US,,United States,1600000US4861796,4861796,United States - Texas - Richardson city,Richardson city,3.1,1.2
0100000US,,United States,1600000US4863500,4863500,United States - Texas - Round Rock city,Round Rock city,0.2,0.3
0100000US,,United States,1600000US4864472,4864472,United States - Texas - San Angelo city,San Angelo city,0.7,0.9
0100000US,,United States,1600000US4865000,4865000,United States - Texas - San Antonio city,San Antonio city,3.3,0.4
0100000US,,United States,1600000US4870808,4870808,United States - Texas - Sugar Land city,Sugar Land city,3.3,2.4
0100000US,,United States,1600000US4872176,4872176,United States - Texas - Temple city,Temple city,0.4,0.6
0100000US,,United States,1600000US4872656,4872656,United States - Texas - The Woodlands CDP,The Woodlands CDP,2.8,2.1
0100000US,,United States,1600000US4874144,4874144,United States - Texas - Tyler city,Tyler city,0.2,0.2
0100000US,,United States,1600000US4876000,4876000,United States - Texas - Waco city,Waco city,0.9,0.6
0100000US,,United States,1600000US4879000,4879000,United States - Texas - Wichita Falls city,Wichita Falls city,0.0,0.4
0100000US,,United States,0400000US49,49,United States - Utah,Utah,2.4,0.3
0100000US,,United States,1600000US4943660,4943660,United States - Utah - Layton city,Layton city,2.9,1.7
0100000US,,United States,1600000US4955980,4955980,United States - Utah - Ogden city,Ogden city,2.1,1.1
0100000US,,United States,1600000US4957300,4957300,United States - Utah - Orem city,Orem city,2.0,1.5
0100000US,,United States,1600000US4962470,4962470,United States - Utah - Provo city,Provo city,1.2,0.6
0100000US,,United States,1600000US4965330,4965330,United States - Utah - St. George city,St. George city,0.5,0.8
0100000US,,United States,1600000US4967000,4967000,United States - Utah - Salt Lake City city,Salt Lake City city,6.7,1.7
0100000US,,United States,1600000US4967440,4967440,United States - Utah - Sandy city,Sandy city,2.2,1.1
0100000US,,United States,1600000US4982950,4982950,United States - Utah - West Jordan city,West Jordan city,2.8,1.1
0100000US,,United States,1600000US4983470,4983470,United States - Utah - West Valley City city,West Valley City city,2.7,1.4
0100000US,,United States,0400000US50,50,United States - Vermont,Vermont,1.4,0.3
0100000US,,United States,0400000US51,51,United States - Virginia,Virginia,4.5,0.2
0100000US,,United States,1600000US5101000,5101000,United States - Virginia - Alexandria city,Alexandria city,18.2,2.7
0100000US,,United States,1600000US5103000,5103000,United States - Virginia - Arlington CDP,Arlington CDP,28.4,2.8
0100000US,,United States,1600000US5114440,5114440,United States - Virginia - Centreville CDP,Centreville CDP,3.1,1.8
0100000US,,United States,1600000US5116000,5116000,United States - Virginia - Chesapeake city,Chesapeake city,1.1,0.5
0100000US,,United States,1600000US5121088,5121088,United States - Virginia - Dale City CDP,Dale City CDP,6.6,2.3
0100000US,,United States,1600000US5135000,5135000,United States - Virginia - Hampton city,Hampton city,3.9,1.3
0100000US,,United States,1600000US5147672,5147672,United States - Virginia - Lynchburg city,Lynchburg city,4.1,1.6
0100000US,,United States,1600000US5156000,5156000,United States - Virginia - Newport News city,Newport News city,3.0,1.1
0100000US,,United States,1600000US5157000,5157000,United States - Virginia - Norfolk city,Norfolk city,4.2,1.1
0100000US,,United States,1600000US5164000,5164000,United States - Virginia - Portsmouth city,Portsmouth city,1.5,0.8
0100000US,,United States,1600000US5167000,5167000,United States - Virginia - Richmond city,Richmond city,5.7,1.2
0100000US,,United States,1600000US5168000,5168000,United States - Virginia - Roanoke city,Roanoke city,3.3,1.4
0100000US,,United States,1600000US5176432,5176432,United States - Virginia - Suffolk city,Suffolk city,0.5,0.4
0100000US,,United States,1600000US5182000,5182000,United States - Virginia - Virginia Beach city,Virginia Beach city,0.9,0.3
0100000US,,United States,0400000US53,53,United States - Washington,Washington,5.6,0.3
0100000US,,United States,1600000US5303180,5303180,United States - Washington - Auburn city,Auburn city,6.1,2.5
0100000US,,United States,1600000US5305210,5305210,United States - Washington - Bellevue city,Bellevue city,10.6,2.2
0100000US,,United States,1600000US5305280,5305280,United States - Washington - Bellingham city,Bellingham city,4.0,1.7
0100000US,,United States,1600000US5322640,5322640,United States - Washington - Everett city,Everett city,7.2,2.0
0100000US,,United States,1600000US5323515,5323515,United States - Washington - Federal Way city,Federal Way city,5.0,1.5
0100000US,,United States,1600000US5335275,5335275,United States - Washington - Kennewick city,Kennewick city,2.4,2.0
0100000US,,United States,1600000US5335415,5335415,United States - Washington - Kent city,Kent city,4.5,1.4
0100000US,,United States,1600000US5357745,5357745,United States - Washington - Renton city,Renton city,8.4,3.4
0100000US,,United States,1600000US5363000,5363000,United States - Washington - Seattle city,Seattle city,17.4,1.3
0100000US,,United States,1600000US5367000,5367000,United States - Washington - Spokane city,Spokane city,4.3,1.1
0100000US,,United States,1600000US5367167,5367167,United States - Washington - Spokane Valley city,Spokane Valley city,1.7,1.2
0100000US,,United States,1600000US5370000,5370000,United States - Washington - Tacoma city,Tacoma city,5.9,1.4
0100000US,,United States,1600000US5374060,5374060,United States - Washington - Vancouver city,Vancouver city,3.1,1.5
0100000US,,United States,1600000US5380010,5380010,United States - Washington - Yakima city,Yakima city,3.4,3.0
0100000US,,United States,0400000US54,54,United States - West Virginia,West Virginia,0.9,0.2
0100000US,,United States,0400000US55,55,United States - Wisconsin,Wisconsin,2.0,0.2
0100000US,,United States,1600000US5502375,5502375,United States - Wisconsin - Appleton city,Appleton city,0.7,0.6
0100000US,,United States,1600000US5522300,5522300,United States - Wisconsin - Eau Claire city,Eau Claire city,1.5,0.9
0100000US,,United States,1600000US5531000,5531000,United States - Wisconsin - Green Bay city,Green Bay city,1.5,1.1
0100000US,,United States,1600000US5539225,5539225,United States - Wisconsin - Kenosha city,Kenosha city,1.6,1.1
0100000US,,United States,1600000US5548000,5548000,United States - Wisconsin - Madison city,Madison city,8.8,1.7
0100000US,,United States,1600000US5553000,5553000,United States - Wisconsin - Milwaukee city,Milwaukee city,9.2,1.0
0100000US,,United States,1600000US5560500,5560500,United States - Wisconsin - Oshkosh city,Oshkosh city,1.0,0.7
0100000US,,United States,1600000US5566000,5566000,United States - Wisconsin - Racine city,Racine city,4.1,2.4
0100000US,,United States,1600000US5584250,5584250,United States - Wisconsin - Waukesha city,Waukesha city,1.8,0.9
0100000US,,United States,0400000US56,56,United States - Wyoming,Wyoming,1.5,0.5
0100000US,,United States,0400000US72,72,Puerto Rico,Puerto Rico,2.9,0.3
0100000US,,United States,1600000US7206593,7206593,Puerto Rico - Bayamn zona urbana,Bayamn zona urbana,5.5,1.9
0100000US,,United States,1600000US7210334,7210334,Puerto Rico - Caguas zona urbana,Caguas zona urbana,2.6,1.5
0100000US,,United States,1600000US7214290,7214290,Puerto Rico - Carolina zona urbana,Carolina zona urbana,5.8,2.0
0100000US,,United States,1600000US7232522,7232522,Puerto Rico - Guaynabo zona urbana,Guaynabo zona urbana,3.8,1.7
0100000US,,United States,1600000US7252431,7252431,Puerto Rico - Mayagez zona urbana,Mayagez zona urbana,1.6,1.7
0100000US,,United States,1600000US7263820,7263820,Puerto Rico - Ponce zona urbana,Ponce zona urbana,0.7,0.6
0100000US,,United States,1600000US7276770,7276770,Puerto Rico - San Juan zona urbana,San Juan zona urbana,10.3,1.2
